category,url
Parfüm,https://shop.mueller.de/parfumerie/marken/adidas
Parfüm,https://shop.mueller.de/parfumerie/marken/alessandro
Parfüm,https://shop.mueller.de/parfumerie/marken/alyssa-ashley
Parfüm,https://shop.mueller.de/parfumerie/marken/artdeco
Parfüm,https://shop.mueller.de/parfumerie/marken/baldessarini
Parfüm,https://shop.mueller.de/parfumerie/marken/balenciaga
Parfüm,https://shop.mueller.de/parfumerie/marken/balmain
Parfüm,https://shop.mueller.de/parfumerie/marken/bench
Parfüm,https://shop.mueller.de/parfumerie/marken/betty-barclay
Parfüm,https://shop.mueller.de/parfumerie/marken/beyonce
Parfüm,https://shop.mueller.de/parfumerie/marken/bottega-veneta
Parfüm,https://shop.mueller.de/parfumerie/marken/boucheron
Parfüm,https://shop.mueller.de/parfumerie/marken/bruno-banani
Parfüm,https://shop.mueller.de/parfumerie/marken/calvin-klein
Parfüm,https://shop.mueller.de/parfumerie/marken/cerruti
Parfüm,https://shop.mueller.de/parfumerie/marken/charlie-by-revlon
Parfüm,https://shop.mueller.de/parfumerie/marken/chloe
Parfüm,https://shop.mueller.de/parfumerie/marken/chopard
Parfüm,https://shop.mueller.de/parfumerie/marken/christina-aguilera
Parfüm,https://shop.mueller.de/parfumerie/marken/collistar
Parfüm,https://shop.mueller.de/parfumerie/marken/comodynes
Parfüm,https://shop.mueller.de/parfumerie/marken/cosmopolitan
Parfüm,https://shop.mueller.de/parfumerie/marken/david-beckham
Parfüm,https://shop.mueller.de/parfumerie/marken/davidoff
Parfüm,https://shop.mueller.de/parfumerie/marken/declare
Parfüm,https://shop.mueller.de/parfumerie/marken/desigual
Parfüm,https://shop.mueller.de/parfumerie/marken/diesel
Parfüm,https://shop.mueller.de/parfumerie/marken/disney
Parfüm,https://shop.mueller.de/parfumerie/marken/dsquared2
Parfüm,https://shop.mueller.de/parfumerie/marken/dunhill
Parfüm,https://shop.mueller.de/parfumerie/marken/edding-l-a-q-u-e
Parfüm,https://shop.mueller.de/parfumerie/marken/elizabeth-arden
Parfüm,https://shop.mueller.de/parfumerie/marken/emporio-armani
Parfüm,https://shop.mueller.de/parfumerie/marken/escada
Parfüm,https://shop.mueller.de/parfumerie/marken/esprit
Parfüm,https://shop.mueller.de/parfumerie/marken/essence
Parfüm,https://shop.mueller.de/parfumerie/marken/essential-garden
Parfüm,https://shop.mueller.de/parfumerie/marken/essie
Parfüm,https://shop.mueller.de/parfumerie/marken/fernanda-brandao
Parfüm,https://shop.mueller.de/parfumerie/marken/ferrari
Parfüm,https://shop.mueller.de/parfumerie/marken/gabriela-sabatini
Parfüm,https://shop.mueller.de/parfumerie/marken/gainsboro
Parfüm,https://shop.mueller.de/parfumerie/marken/george-gina-lucy
Parfüm,https://shop.mueller.de/parfumerie/marken/giorgio-armani
Parfüm,https://shop.mueller.de/parfumerie/marken/guess
Parfüm,https://shop.mueller.de/parfumerie/marken/hello-kitty
Parfüm,https://shop.mueller.de/parfumerie/marken/hildegard-braukmann
Parfüm,https://shop.mueller.de/parfumerie/marken/hollister
Parfüm,https://shop.mueller.de/parfumerie/marken/hugo-boss
Parfüm,https://shop.mueller.de/parfumerie/marken/jaguar
Parfüm,https://shop.mueller.de/parfumerie/marken/james-bond-007
Parfüm,https://shop.mueller.de/parfumerie/marken/jean-paul-gaultier
Parfüm,https://shop.mueller.de/parfumerie/marken/jennifer-lopez
Parfüm,https://shop.mueller.de/parfumerie/marken/jil-sander
Parfüm,https://shop.mueller.de/parfumerie/marken/jimmy-choo
Parfüm,https://shop.mueller.de/parfumerie/marken/john-varvatos
Parfüm,https://shop.mueller.de/parfumerie/marken/joop
Parfüm,https://shop.mueller.de/parfumerie/marken/jovan
Parfüm,https://shop.mueller.de/parfumerie/marken/juvena
Parfüm,https://shop.mueller.de/parfumerie/marken/karl-lagerfeld
Parfüm,https://shop.mueller.de/parfumerie/marken/katy-perry
Parfüm,https://shop.mueller.de/parfumerie/marken/la-rive
Parfüm,https://shop.mueller.de/parfumerie/marken/lacoste
Parfüm,https://shop.mueller.de/parfumerie/marken/lady-gaga
Parfüm,https://shop.mueller.de/parfumerie/marken/lancaster
Parfüm,https://shop.mueller.de/parfumerie/marken/lanvin
Parfüm,https://shop.mueller.de/parfumerie/marken/laura-biagiotti
Parfüm,https://shop.mueller.de/parfumerie/marken/lily-rose
Parfüm,https://shop.mueller.de/parfumerie/marken/liu-jo
Parfüm,https://shop.mueller.de/parfumerie/marken/lovemore
Parfüm,https://shop.mueller.de/parfumerie/marken/m2-beaute
Parfüm,https://shop.mueller.de/parfumerie/marken/make-up-factory
Parfüm,https://shop.mueller.de/parfumerie/marken/marbert
Parfüm,https://shop.mueller.de/parfumerie/marken/marc-jacobs
Parfüm,https://shop.mueller.de/parfumerie/marken/marlies-moller
Parfüm,https://shop.mueller.de/parfumerie/marken/mexx
Parfüm,https://shop.mueller.de/parfumerie/marken/michalsky-berlin
Parfüm,https://shop.mueller.de/parfumerie/marken/micro-cell
Parfüm,https://shop.mueller.de/parfumerie/marken/misslyn
Parfüm,https://shop.mueller.de/parfumerie/marken/missoni
Parfüm,https://shop.mueller.de/parfumerie/marken/montblanc
Parfüm,https://shop.mueller.de/parfumerie/marken/moschino
Parfüm,https://shop.mueller.de/parfumerie/marken/mustang
Parfüm,https://shop.mueller.de/parfumerie/marken/naomi-campbell
Parfüm,https://shop.mueller.de/parfumerie/marken/nikos
Parfüm,https://shop.mueller.de/parfumerie/marken/nina-ricci
Parfüm,https://shop.mueller.de/parfumerie/marken/nonchalance
Parfüm,https://shop.mueller.de/parfumerie/marken/opi
Parfüm,https://shop.mueller.de/parfumerie/marken/otto-kern
Parfüm,https://shop.mueller.de/parfumerie/marken/paco-rabanne
Parfüm,https://shop.mueller.de/parfumerie/marken/playboy
Parfüm,https://shop.mueller.de/parfumerie/marken/prada-parfums
Parfüm,https://shop.mueller.de/parfumerie/marken/ralph-lauren
Parfüm,https://shop.mueller.de/parfumerie/marken/replay
Parfüm,https://shop.mueller.de/parfumerie/marken/rihanna
Parfüm,https://shop.mueller.de/parfumerie/marken/roberto-cavalli
Parfüm,https://shop.mueller.de/parfumerie/marken/roccobarocco
Parfüm,https://shop.mueller.de/parfumerie/marken/rochas
Parfüm,https://shop.mueller.de/parfumerie/marken/s-oliver
Parfüm,https://shop.mueller.de/parfumerie/marken/sally-hansen
Parfüm,https://shop.mueller.de/parfumerie/marken/salvatore-ferragamo
Parfüm,https://shop.mueller.de/parfumerie/marken/sans-soucis
Parfüm,https://shop.mueller.de/parfumerie/marken/sir-irisch-moos
Parfüm,https://shop.mueller.de/parfumerie/marken/spirit
Parfüm,https://shop.mueller.de/parfumerie/marken/star-wars
Parfüm,https://shop.mueller.de/parfumerie/marken/tabac
Parfüm,https://shop.mueller.de/parfumerie/marken/talika
Parfüm,https://shop.mueller.de/parfumerie/marken/topmodel
Parfüm,https://shop.mueller.de/parfumerie/marken/tosca
Parfüm,https://shop.mueller.de/parfumerie/marken/trussardi
Parfüm,https://shop.mueller.de/parfumerie/marken/udv
Parfüm,https://shop.mueller.de/parfumerie/marken/valentino-parfums
Parfüm,https://shop.mueller.de/parfumerie/marken/van-cleef-arpels
Parfüm,https://shop.mueller.de/parfumerie/marken/versace
Parfüm,https://shop.mueller.de/parfumerie/marken/victoria-s-secret
Parfüm,https://shop.mueller.de/parfumerie/marken/victorinox
Parfüm,https://shop.mueller.de/parfumerie/marken/voice-of-germany
Parfüm,https://shop.mueller.de/parfumerie/marken/yoppy
Parfüm,https://shop.mueller.de/parfumerie/marken/4711
Naturshop,https://shop.mueller.de/naturshop/marken/acorelle
Naturshop,https://shop.mueller.de/naturshop/marken/ahava
Naturshop,https://shop.mueller.de/naturshop/marken/alva
Naturshop,https://shop.mueller.de/naturshop/marken/alviana
Naturshop,https://shop.mueller.de/naturshop/marken/annemarie-borlind
Naturshop,https://shop.mueller.de/naturshop/marken/benecos
Naturshop,https://shop.mueller.de/naturshop/marken/biosolis
Naturshop,https://shop.mueller.de/naturshop/marken/burt-s-bees
Naturshop,https://shop.mueller.de/naturshop/marken/cattier
Naturshop,https://shop.mueller.de/naturshop/marken/charlotte-meentzen
Naturshop,https://shop.mueller.de/naturshop/marken/clineral
Naturshop,https://shop.mueller.de/naturshop/marken/cobicos
Naturshop,https://shop.mueller.de/naturshop/marken/dado-sens
Naturshop,https://shop.mueller.de/naturshop/marken/dr-bronner-s
Naturshop,https://shop.mueller.de/naturshop/marken/dr-scheller
Naturshop,https://shop.mueller.de/naturshop/marken/eco-cosmetics
Naturshop,https://shop.mueller.de/naturshop/marken/esse
Naturshop,https://shop.mueller.de/naturshop/marken/farfalla
Naturshop,https://shop.mueller.de/naturshop/marken/florascent
Naturshop,https://shop.mueller.de/naturshop/marken/heliotrop
Naturshop,https://shop.mueller.de/naturshop/marken/i-m
Naturshop,https://shop.mueller.de/naturshop/marken/john-masters-organics
Naturshop,https://shop.mueller.de/naturshop/marken/kneipp
Naturshop,https://shop.mueller.de/naturshop/marken/korres
Naturshop,https://shop.mueller.de/naturshop/marken/lavera
Naturshop,https://shop.mueller.de/naturshop/marken/living-nature
Naturshop,https://shop.mueller.de/naturshop/marken/logona
Naturshop,https://shop.mueller.de/naturshop/marken/luke-lilly
Naturshop,https://shop.mueller.de/naturshop/marken/marie-w
Naturshop,https://shop.mueller.de/naturshop/marken/michael-droste-laux
Naturshop,https://shop.mueller.de/naturshop/marken/oceanwell
Naturshop,https://shop.mueller.de/naturshop/marken/oliveda
Naturshop,https://shop.mueller.de/naturshop/marken/primavera
Naturshop,https://shop.mueller.de/naturshop/marken/pure-elements
Naturshop,https://shop.mueller.de/naturshop/marken/santaverde
Naturshop,https://shop.mueller.de/naturshop/marken/sante
Naturshop,https://shop.mueller.de/naturshop/marken/sparitual
Naturshop,https://shop.mueller.de/naturshop/marken/speick
Naturshop,https://shop.mueller.de/naturshop/marken/tautropfen
Naturshop,https://shop.mueller.de/naturshop/marken/terra-naturi
Naturshop,https://shop.mueller.de/naturshop/marken/urtekram
Naturshop,https://shop.mueller.de/naturshop/marken/weleda
Drogerie,https://shop.mueller.de/drogerie/marken/aok
Drogerie,https://shop.mueller.de/drogerie/marken/artist
Drogerie,https://shop.mueller.de/drogerie/marken/bic
Drogerie,https://shop.mueller.de/drogerie/marken/cv
Drogerie,https://shop.mueller.de/drogerie/marken/diadermine
Drogerie,https://shop.mueller.de/drogerie/marken/eos
Drogerie,https://shop.mueller.de/drogerie/marken/garnier
Drogerie,https://shop.mueller.de/drogerie/marken/gillette
Drogerie,https://shop.mueller.de/drogerie/marken/hawaiian-tropic
Drogerie,https://shop.mueller.de/drogerie/marken/hormocenta
Drogerie,https://shop.mueller.de/drogerie/marken/l-oreal
Drogerie,https://shop.mueller.de/drogerie/marken/lavozon
Drogerie,https://shop.mueller.de/drogerie/marken/lee-stafford
Drogerie,https://shop.mueller.de/drogerie/marken/m-man
Drogerie,https://shop.mueller.de/drogerie/marken/madita
Drogerie,https://shop.mueller.de/drogerie/marken/muller-batterien
Drogerie,https://shop.mueller.de/drogerie/marken/nivea-sun
Drogerie,https://shop.mueller.de/drogerie/marken/ogx
Drogerie,https://shop.mueller.de/drogerie/marken/olaz
Drogerie,https://shop.mueller.de/drogerie/marken/piz-buin
Drogerie,https://shop.mueller.de/drogerie/marken/rausch
Drogerie,https://shop.mueller.de/drogerie/marken/tigi
Drogerie,https://shop.mueller.de/drogerie/marken/varta
Haushalt,https://shop.mueller.de/haushalt/marken/aeg
Haushalt,https://shop.mueller.de/haushalt/marken/aladdin
Haushalt,https://shop.mueller.de/haushalt/marken/alfi
Haushalt,https://shop.mueller.de/haushalt/marken/babyliss
Haushalt,https://shop.mueller.de/haushalt/marken/ballarini
Haushalt,https://shop.mueller.de/haushalt/marken/barfuss
Haushalt,https://shop.mueller.de/haushalt/marken/beurer
Haushalt,https://shop.mueller.de/haushalt/marken/bialetti
Haushalt,https://shop.mueller.de/haushalt/marken/blomus
Haushalt,https://shop.mueller.de/haushalt/marken/bosch
Haushalt,https://shop.mueller.de/haushalt/marken/boska
Haushalt,https://shop.mueller.de/haushalt/marken/braun
Haushalt,https://shop.mueller.de/haushalt/marken/carrera-r
Haushalt,https://shop.mueller.de/haushalt/marken/casa-vivante
Haushalt,https://shop.mueller.de/haushalt/marken/casablanca
Haushalt,https://shop.mueller.de/haushalt/marken/cilio
Haushalt,https://shop.mueller.de/haushalt/marken/clatronic
Haushalt,https://shop.mueller.de/haushalt/marken/contento
Haushalt,https://shop.mueller.de/haushalt/marken/continenta
Haushalt,https://shop.mueller.de/haushalt/marken/culto
Haushalt,https://shop.mueller.de/haushalt/marken/cv
Haushalt,https://shop.mueller.de/haushalt/marken/elo
Haushalt,https://shop.mueller.de/haushalt/marken/emsa
Haushalt,https://shop.mueller.de/haushalt/marken/eurosand
Haushalt,https://shop.mueller.de/haushalt/marken/flirt
Haushalt,https://shop.mueller.de/haushalt/marken/gilde
Haushalt,https://shop.mueller.de/haushalt/marken/grundig
Haushalt,https://shop.mueller.de/haushalt/marken/josef-maser
Haushalt,https://shop.mueller.de/haushalt/marken/kahla
Haushalt,https://shop.mueller.de/haushalt/marken/kai
Haushalt,https://shop.mueller.de/haushalt/marken/kaiser
Haushalt,https://shop.mueller.de/haushalt/marken/kcg
Haushalt,https://shop.mueller.de/haushalt/marken/kela
Haushalt,https://shop.mueller.de/haushalt/marken/kenwood
Haushalt,https://shop.mueller.de/haushalt/marken/kuchenprofi
Haushalt,https://shop.mueller.de/haushalt/marken/la-vida
Haushalt,https://shop.mueller.de/haushalt/marken/leifheit
Haushalt,https://shop.mueller.de/haushalt/marken/leonardo
Haushalt,https://shop.mueller.de/haushalt/marken/leopold-vienna
Haushalt,https://shop.mueller.de/haushalt/marken/lock-lock
Haushalt,https://shop.mueller.de/haushalt/marken/m-lady
Haushalt,https://shop.mueller.de/haushalt/marken/magu
Haushalt,https://shop.mueller.de/haushalt/marken/maxwell-williams
Haushalt,https://shop.mueller.de/haushalt/marken/menu
Haushalt,https://shop.mueller.de/haushalt/marken/microplane
Haushalt,https://shop.mueller.de/haushalt/marken/muller
Haushalt,https://shop.mueller.de/haushalt/marken/pepcare
Haushalt,https://shop.mueller.de/haushalt/marken/peugeot
Haushalt,https://shop.mueller.de/haushalt/marken/philips
Haushalt,https://shop.mueller.de/haushalt/marken/pos
Haushalt,https://shop.mueller.de/haushalt/marken/profi-cook
Haushalt,https://shop.mueller.de/haushalt/marken/pyrex
Haushalt,https://shop.mueller.de/haushalt/marken/randwyck
Haushalt,https://shop.mueller.de/haushalt/marken/rastal
Haushalt,https://shop.mueller.de/haushalt/marken/rbv-birkmann
Haushalt,https://shop.mueller.de/haushalt/marken/reisenthel
Haushalt,https://shop.mueller.de/haushalt/marken/remington
Haushalt,https://shop.mueller.de/haushalt/marken/riess
Haushalt,https://shop.mueller.de/haushalt/marken/ritzenhoff
Haushalt,https://shop.mueller.de/haushalt/marken/ritzenhoff-breker
Haushalt,https://shop.mueller.de/haushalt/marken/russell-hobbs
Haushalt,https://shop.mueller.de/haushalt/marken/scheurich
Haushalt,https://shop.mueller.de/haushalt/marken/sigg
Haushalt,https://shop.mueller.de/haushalt/marken/silit
Haushalt,https://shop.mueller.de/haushalt/marken/soda-stream
Haushalt,https://shop.mueller.de/haushalt/marken/soehnle
Haushalt,https://shop.mueller.de/haushalt/marken/tawo
Haushalt,https://shop.mueller.de/haushalt/marken/tefal
Haushalt,https://shop.mueller.de/haushalt/marken/udo-walz
Haushalt,https://shop.mueller.de/haushalt/marken/vileda
Haushalt,https://shop.mueller.de/haushalt/marken/villeroy-boch
Haushalt,https://shop.mueller.de/haushalt/marken/walther-glas
Haushalt,https://shop.mueller.de/haushalt/marken/weinberger
Haushalt,https://shop.mueller.de/haushalt/marken/wmf
Haushalt,https://shop.mueller.de/haushalt/marken/yankee-candle
Haushalt,https://shop.mueller.de/haushalt/marken/zak
